,serie_id,titre,categorie,nbr_episodes,date_expiration,description
0,d4ce9122-24cb-4001-b14a-a4c9650b3c31,people Jordan,Horreur,20,2024-05-08,Quality agreement energy magazine. Policy ahead success recognize person mission. West more what watch ok into. Most ever note available western from.
1,2a7ecf3d-ea1c-489e-954c-4fe3be55cbca,region David,Science-fiction,37,2024-06-24,"Rate edge far former there prevent. Moment court indicate eight law better man.
Other phone factor. Blue sense and baby either. Environment task follow."
2,9501fb08-a53f-473b-af04-f8be7a3e0d35,reality Gabriela,Horreur,32,2024-07-03,"Difficult reduce whatever national. Teacher read situation per its. Individual record charge.
Law amount local trial possible describe. Tough second ask property."
3,ca4e06e6-efb4-4c03-9207-996e88efbabb,such Robert,Science-fiction,20,2024-06-01,"Ready small record half. Myself day always argue along exist morning.
None group car once call. Remain support movie wind position.
Toward art difficult accept. Build close consider try camera."
4,45055d6b-3f68-4642-aab8-791f83767b33,quite Elizabeth,Documentaire,22,2024-05-21,"Whether all hit action discover. Stop see difficult drive director ground main.
Focus music organization follow increase half."
5,1224be2f-a7a8-41f6-ae71-c2e4fde0cf94,if Alexander,Action,17,2024-05-14,Town case spend partner red head course. Response force could reflect leader that. Place force region job Democrat media indeed method. Provide money party of.
6,d7539ef0-6130-44c8-81f7-4502f2c6981c,image Nicholas,Fantastique,22,2024-05-26,"Whole child growth leader collection. Consumer political others their.
Cause whether party. Early step blood let work finally. Can capital true close."
7,222f67ec-71fe-4d39-b246-3b9461cb66f2,market Debbie,Comedie,37,2024-06-12,"Once word past certainly single great. Pay because lay. Young face dream difference social standard short.
Particularly reveal culture member too lead. The door size staff."
8,69f1c5af-b1a5-46da-8056-70202e3e0b1f,machine Michael,Horreur,27,2024-07-26,"Cost board drive. Decide author probably day.
Particular care over. Against popular maybe sense culture as relationship. Enough on result control politics ball question."
9,00bbb420-ca71-423e-8229-0c6f0c714164,military Timothy,Fantastique,29,2024-06-19,Local ready instead again service network. Late apply half prevent recently difficult have. Site develop learn energy machine. Say bring week seem option.
10,92757080-d94a-4f4c-97ad-89ce5e58cc86,prepare Vanessa,Action,13,2024-07-25,"Reveal large attack guess play yard. Mention in summer minute.
Fast they technology paper reflect. Despite under tax might its man range appear."
11,5a5b6f95-b77f-478b-a1e7-0179dde8ef5d,hand Michael,Drame,31,2024-05-24,"Performance like hundred perhaps play beyond natural. About reality long physical. Their huge team student.
Fire sound late provide. View get see idea partner each agency."
12,af8df0dc-7761-45e1-821a-7e55d57e9bd8,manager Angel,Thriller,22,2024-06-21,"Add our executive man personal born.
Guess avoid picture allow hold dog wind. Discussion up message structure join weight place."
13,c65d91ba-f4fb-4bff-adc6-f16ff8764ae1,yes Deborah,Action,38,2024-06-26,"Discussion hit watch so none center culture. Military on left until image involve decision.
Specific perhaps as end whole. Matter low bad statement. Sing everything oil both."
14,563b7c40-ec9d-4615-ad82-32c3c1b2ef73,individual Melanie,Romance,21,2024-06-20,"Fall yard issue goal somebody best trouble. Among challenge religious night it compare unit. Food possible reach.
Perform leg address read second for. Fill argue art south finally type."
15,2cba9264-16ab-415f-a0ae-b5e1db3f4918,them Christine,Fantastique,18,2024-06-20,"Step positive table form third.
Base center yeah window. That laugh other can party. Doctor executive purpose from energy stage goal type."
16,c76e89c7-9beb-4400-b5dd-300c2e398fda,whom Veronica,Thriller,23,2024-05-13,These create number risk return see energy cultural. Reality personal will never discussion actually imagine and. Value one weight cost contain analysis.
17,6bfdeac5-02c9-43fc-b341-b2b07aee4512,here Christopher,Fantastique,22,2024-07-12,"Language people artist mind I. Measure build agree why. Technology cover look receive including foreign always town.
World future actually hope. Road table around rise."
18,fdfbb28c-47c8-4340-9dec-f42e42c01c26,for Mariah,Romance,18,2024-06-19,"Positive anything brother her never job federal.
Finally to key success local first. Chair kitchen wish buy where watch."
19,8da6aff7-d3c8-4d1c-9a33-bb2b01bcc8b2,product Theresa,Romance,15,2024-06-14,"Significant model including increase bed. Information team itself. Action like watch day majority type.
Plant mouth itself all stand. Event foreign want."
